un_country_code,country_name,country_code,region_code,region_name,continent_code,continent_name
4,Afghanistan,AF,34,Southern Asia,AS,Asia
8,Albania,AL,39,Southern Europe,EU,Europe
12,Algeria,DZ,15,Northern Africa,AF,Africa
16,American Samoa,AS,61,Polynesia,OC,Oceania
20,Andorra,AD,39,Southern Europe,EU,Europe
24,Angola,AO,17,Middle Africa,AF,Africa
660,Anguilla,AI,29,Caribbean,SA,South America
28,Antigua and Barbuda,AG,29,Caribbean,SA,South America
32,Argentina,AR,5,South America,SA,South America
51,Armenia,AM,145,Western Asia,AS,Asia
533,Aruba,AW,29,Caribbean,SA,South America
36,Australia,AU,53,Australia and New Zealand,OC,Oceania
40,Austria,AT,155,Western Europe,EU,Europe
31,Azerbaijan,AZ,145,Western Asia,AS,Asia
44,Bahamas,BS,29,Caribbean,SA,South America
48,Bahrain,BH,145,Western Asia,AS,Asia
50,Bangladesh,BD,34,Southern Asia,AS,Asia
52,Barbados,BB,29,Caribbean,SA,South America
112,Belarus,BY,151,Eastern Europe,EU,Europe
56,Belgium,BE,155,Western Europe,EU,Europe
84,Belize,BZ,13,Central America,SA,South America
204,Benin,BJ,11,Western Africa,AF,Africa
60,Bermuda,BM,21,North America,NA,North America
64,Bhutan,BT,34,Southern Asia,AS,Asia
68,Bolivia,BO,5,South America,SA,South America
535,"Bonaire, Saint Eustatius and Saba",BQ,29,Caribbean,SA,South America
70,Bosnia and Herzegovina,BA,39,Southern Europe,EU,Europe
72,Botswana,BW,18,Southern Africa,AF,Africa
76,Brazil,BR,5,South America,SA,South America
92,British Virgin Islands,VG,29,Caribbean,SA,South America
96,Brunei Darussalam,BN,35,South-Eastern Asia,AS,Asia
100,Bulgaria,BG,151,Eastern Europe,EU,Europe
854,Burkina Faso,BF,11,Western Africa,AF,Africa
108,Burundi,BI,14,Eastern Africa,AF,Africa
132,Cabo Verde,CV,11,Western Africa,AF,Africa
116,Cambodia,KH,35,South-Eastern Asia,AS,Asia
120,Cameroon,CM,17,Middle Africa,AF,Africa
124,Canada,CA,21,North America,NA,North America
136,Cayman Islands,KY,29,Caribbean,SA,South America
140,Central African Republic,CF,17,Middle Africa,AF,Africa
148,Chad,TD,17,Middle Africa,AF,Africa
830,Channel Islands,,154,Northern Europe,EU,Europe
152,Chile,CL,5,South America,SA,South America
156,China,CN,30,Eastern Asia,AS,Asia
344,"China, Hong Kong Special Administrative Region",HK,30,Eastern Asia,AS,Asia
446,"China, Macao Special Administrative Region",MO,30,Eastern Asia,AS,Asia
170,Colombia,CO,5,South America,SA,South America
174,Comoros,KM,14,Eastern Africa,AF,Africa
178,Congo,CG,17,Middle Africa,AF,Africa
184,Cook Islands,CK,61,Polynesia,OC,Oceania
188,Costa Rica,CR,13,Central America,SA,South America
384,Cote d'Ivoire,CI,11,Western Africa,AF,Africa
191,Croatia,HR,39,Southern Europe,EU,Europe
192,Cuba,CU,29,Caribbean,SA,South America
531,Cura?ao,CW,29,Caribbean,SA,South America
196,Cyprus,CY,145,Western Asia,AS,Asia
203,Czech Republic,CZ,151,Eastern Europe,EU,Europe
408,Democratic People's Republic of Korea,KP,30,Eastern Asia,AS,Asia
180,Democratic Republic of the Congo,CD,17,Middle Africa,AF,Africa
208,Denmark,DK,154,Northern Europe,EU,Europe
262,Djibouti,DJ,14,Eastern Africa,AF,Africa
212,Dominica,DM,29,Caribbean,SA,South America
214,Dominican Republic,DO,29,Caribbean,SA,South America
218,Ecuador,EC,5,South America,SA,South America
818,Egypt,EG,15,Northern Africa,AF,Africa
222,El Salvador,SV,13,Central America,SA,South America
226,Equatorial Guinea,GQ,17,Middle Africa,AF,Africa
232,Eritrea,ER,14,Eastern Africa,AF,Africa
233,Estonia,EE,154,Northern Europe,EU,Europe
231,Ethiopia,ET,14,Eastern Africa,AF,Africa
234,Faeroe Islands,FO,154,Northern Europe,EU,Europe
238,Falkland Islands (Malvinas),FK,5,South America,SA,South America
242,Fiji,FJ,54,Melanesia,OC,Oceania
246,Finland,FI,154,Northern Europe,EU,Europe
250,France,FR,155,Western Europe,EU,Europe
254,French Guiana,GF,5,South America,SA,South America
258,French Polynesia,PF,61,Polynesia,OC,Oceania
266,Gabon,GA,17,Middle Africa,AF,Africa
270,Gambia,GM,11,Western Africa,AF,Africa
268,Georgia,GE,145,Western Asia,AS,Asia
276,Germany,DE,155,Western Europe,EU,Europe
288,Ghana,GH,11,Western Africa,AF,Africa
292,Gibraltar,GI,39,Southern Europe,EU,Europe
300,Greece,GR,39,Southern Europe,EU,Europe
304,Greenland,GL,21,North America,NA,North America
308,Grenada,GD,29,Caribbean,SA,South America
312,Guadeloupe,GP,29,Caribbean,SA,South America
316,Guam,GU,57,Micronesia,OC,Oceania
320,Guatemala,GT,13,Central America,SA,South America
831,Guernsey,GG,154,Northern Europe,EU,Europe
324,Guinea,GN,11,Western Africa,AF,Africa
624,Guinea-Bissau,GW,11,Western Africa,AF,Africa
328,Guyana,GY,5,South America,SA,South America
332,Haiti,HT,29,Caribbean,SA,South America
336,Holy See,VA,39,Southern Europe,EU,Europe
340,Honduras,HN,13,Central America,SA,South America
348,Hungary,HU,151,Eastern Europe,EU,Europe
352,Iceland,IS,154,Northern Europe,EU,Europe
356,India,IN,34,Southern Asia,AS,Asia
360,Indonesia,ID,35,South-Eastern Asia,AS,Asia
364,Iran,IR,34,Southern Asia,AS,Asia
368,Iraq,IQ,145,Western Asia,AS,Asia
372,Ireland,IE,154,Northern Europe,EU,Europe
833,Isle of Man,IM,154,Northern Europe,EU,Europe
376,Israel,IL,145,Western Asia,AS,Asia
380,Italy,IT,39,Southern Europe,EU,Europe
388,Jamaica,JM,29,Caribbean,SA,South America
392,Japan,JP,30,Eastern Asia,AS,Asia
832,Jersey,JE,154,Northern Europe,EU,Europe
400,Jordan,JO,145,Western Asia,AS,Asia
398,Kazakhstan,KZ,143,Central Asia,AS,Asia
404,Kenya,KE,14,Eastern Africa,AF,Africa
296,Kiribati,KI,57,Micronesia,OC,Oceania
414,Kuwait,KW,145,Western Asia,AS,Asia
417,Kyrgyzstan,KG,143,Central Asia,AS,Asia
248,?land Islands,AX,154,Northern Europe,EU,Europe
418,Lao People's Democratic Republic,LA,35,South-Eastern Asia,AS,Asia
428,Latvia,LV,154,Northern Europe,EU,Europe
422,Lebanon,LB,145,Western Asia,AS,Asia
426,Lesotho,LS,18,Southern Africa,AF,Africa
430,Liberia,LR,11,Western Africa,AF,Africa
434,Libya,LY,15,Northern Africa,AF,Africa
438,Liechtenstein,LI,155,Western Europe,EU,Europe
440,Lithuania,LT,154,Northern Europe,EU,Europe
442,Luxembourg,LU,155,Western Europe,EU,Europe
450,Madagascar,MG,14,Eastern Africa,AF,Africa
454,Malawi,MW,14,Eastern Africa,AF,Africa
458,Malaysia,MY,35,South-Eastern Asia,AS,Asia
462,Maldives,MV,34,Southern Asia,AS,Asia
466,Mali,ML,11,Western Africa,AF,Africa
470,Malta,MT,39,Southern Europe,EU,Europe
584,Marshall Islands,MH,57,Micronesia,OC,Oceania
474,Martinique,MQ,29,Caribbean,SA,South America
478,Mauritania,MR,11,Western Africa,AF,Africa
480,Mauritius,MU,14,Eastern Africa,AF,Africa
175,Mayotte,YT,14,Eastern Africa,AF,Africa
484,Mexico,MX,13,Central America,SA,South America
583,Micronesia,FM,57,Micronesia,OC,Oceania
492,Monaco,MC,155,Western Europe,EU,Europe
496,Mongolia,MN,30,Eastern Asia,AS,Asia
499,Montenegro,ME,39,Southern Europe,EU,Europe
500,Montserrat,MS,29,Caribbean,SA,South America
504,Morocco,MA,15,Northern Africa,AF,Africa
508,Mozambique,MZ,14,Eastern Africa,AF,Africa
104,Myanmar,MM,35,South-Eastern Asia,AS,Asia
516,Namibia,NA,18,Southern Africa,AF,Africa
520,Nauru,NR,57,Micronesia,OC,Oceania
524,Nepal,NP,34,Southern Asia,AS,Asia
528,Netherlands,NL,155,Western Europe,EU,Europe
540,New Caledonia,NC,54,Melanesia,OC,Oceania
554,New Zealand,NZ,53,Australia and New Zealand,OC,Oceania
558,Nicaragua,NI,13,Central America,SA,South America
562,Niger,NE,11,Western Africa,AF,Africa
566,Nigeria,NG,11,Western Africa,AF,Africa
570,Niue,NU,61,Polynesia,OC,Oceania
574,Norfolk Island,NF,53,Australia and New Zealand,OC,Oceania
580,Northern Mariana Islands,NP,57,Micronesia,OC,Oceania
578,Norway,NO,154,Northern Europe,EU,Europe
512,Oman,OM,145,Western Asia,AS,Asia
586,Pakistan,PK,34,Southern Asia,AS,Asia
585,Palau,PW,57,Micronesia,OC,Oceania
591,Panama,PA,13,Central America,SA,South America
598,Papua New Guinea,PG,54,Melanesia,OC,Oceania
600,Paraguay,PY,5,South America,SA,South America
604,Peru,PE,5,South America,SA,South America
608,Philippines,PH,35,South-Eastern Asia,AS,Asia
612,Pitcairn,PM,61,Polynesia,OC,Oceania
616,Poland,PL,151,Eastern Europe,EU,Europe
620,Portugal,PT,39,Southern Europe,EU,Europe
630,Puerto Rico,PR,29,Caribbean,SA,South America
634,Qatar,QA,145,Western Asia,AS,Asia
410,Republic of Korea,KR,30,Eastern Asia,AS,Asia
498,Republic of Moldova,MD,151,Eastern Europe,EU,Europe
638,Reunion,RE,14,Eastern Africa,AF,Africa
642,Romania,RO,151,Eastern Europe,EU,Europe
643,Russian Federation,RU,151,Eastern Europe,EU,Europe
646,Rwanda,RW,14,Eastern Africa,AF,Africa
654,Saint Helena,SH,11,Western Africa,AF,Africa
659,Saint Kitts and Nevis,KN,29,Caribbean,SA,South America
662,Saint Lucia,LC,29,Caribbean,SA,South America
663,Saint Martin (French part),MF,29,Caribbean,SA,South America
666,Saint Pierre and Miquelon,PM,21,North America,NA,North America
670,Saint Vincent and the Grenadines,VC,29,Caribbean,SA,South America
652,Saint-Barth_lemy,BL,29,Caribbean,SA,South America
882,Samoa,WS,61,Polynesia,OC,Oceania
674,San Marino,SM,39,Southern Europe,EU,Europe
678,Sao Tome and Principe,ST,17,Middle Africa,AF,Africa
680,Sark,,154,Northern Europe,EU,Europe
682,Saudi Arabia,SA,145,Western Asia,AS,Asia
686,Senegal,SN,11,Western Africa,AF,Africa
688,Serbia,RS,39,Southern Europe,EU,Europe
690,Seychelles,SC,14,Eastern Africa,AF,Africa
694,Sierra Leone,SL,11,Western Africa,AF,Africa
702,Singapore,SG,35,South-Eastern Asia,AS,Asia
534,Sint Maarten (Dutch part),SX,29,Caribbean,SA,South America
703,Slovakia,SK,151,Eastern Europe,EU,Europe
705,Slovenia,SI,39,Southern Europe,EU,Europe
90,Solomon Islands,SB,54,Melanesia,OC,Oceania
706,Somalia,SO,14,Eastern Africa,AF,Africa
710,South Africa,ZA,18,Southern Africa,AF,Africa
728,South Sudan,SS,14,Eastern Africa,AF,Africa
724,Spain,ES,39,Southern Europe,EU,Europe
144,Sri Lanka,LK,34,Southern Asia,AS,Asia
275,State of Palestine,PS,145,Western Asia,AS,Asia
729,Sudan,SD,15,Northern Africa,AF,Africa
740,Suriname,SR,5,South America,SA,South America
744,Svalbard and Jan Mayen Islands,SJ,154,Northern Europe,EU,Europe
748,Swaziland,SZ,18,Southern Africa,AF,Africa
752,Sweden,SE,154,Northern Europe,EU,Europe
756,Switzerland,CH,155,Western Europe,EU,Europe
760,Syrian Arab Republic,SY,145,Western Asia,AS,Asia
762,Tajikistan,TJ,143,Central Asia,AS,Asia
764,Thailand,TH,35,South-Eastern Asia,AS,Asia
807,The former Yugoslav Republic of Macedonia,MK,39,Southern Europe,EU,Europe
626,Timor-Leste,TL,35,South-Eastern Asia,AS,Asia
768,Togo,TG,11,Western Africa,AF,Africa
772,Tokelau,TK,61,Polynesia,OC,Oceania
776,Tonga,TO,61,Polynesia,OC,Oceania
780,Trinidad and Tobago,TT,29,Caribbean,SA,South America
788,Tunisia,TN,15,Northern Africa,AF,Africa
792,Turkey,TR,145,Western Asia,AS,Asia
795,Turkmenistan,TM,143,Central Asia,AS,Asia
796,Turks and Caicos Islands,TC,29,Caribbean,SA,South America
798,Tuvalu,TV,61,Polynesia,OC,Oceania
800,Uganda,UG,14,Eastern Africa,AF,Africa
804,Ukraine,UA,151,Eastern Europe,EU,Europe
784,United Arab Emirates,AE,145,Western Asia,AS,Asia
826,United Kingdom of Great Britain and Northern Ireland,GB,154,Northern Europe,EU,Europe
834,United Republic of Tanzania,TZ,14,Eastern Africa,AF,Africa
840,United States of America,US,21,North America,NA,North America
850,United States Virgin Islands,VI,29,Caribbean,SA,South America
858,Uruguay,UY,5,South America,SA,South America
860,Uzbekistan,UZ,143,Central Asia,AS,Asia
548,Vanuatu,VU,54,Melanesia,OC,Oceania
862,Venezuela (Bolivarian Republic of),VE,5,South America,SA,South America
704,Vietnam,VM,35,South-Eastern Asia,AS,Asia
876,Wallis and Futuna Islands,WF,61,Polynesia,OC,Oceania
732,Western Sahara,EH,15,Northern Africa,AF,Africa
887,Yemen,YE,145,Western Asia,AS,Asia
894,Zambia,ZM,14,Eastern Africa,AF,Africa
716,Zimbabwe,ZW,14,Eastern Africa,AF,Africa
